{{:rhino:cert_baner-01_2.jpg?650|}}
===== Rhino Level 2 Specialists - North American Region =====
{{ :rhino:rhinocertified:award1.jpg?100|}}
Rhino Level 2 Specialists listed on this page have taken the [[https://wiki.mcneel.com/rhino/level2_test|Level 2 testing]] and achieved a passing score.

The Rhino Level 2 Specialists listed below have given their permission to be published.
If you are looking to verify a certification that is not listed on this page, please email [[mary@mcneel.com|Mary Ann Fugier, McNeel Technical Support and Training.]]

See the Rhino Level 1 Specialists [[https://wiki.mcneel.com/rhino/rhinocertified/level1_certified|here.]]
  
Back to the [[https://wiki.mcneel.com/rhino/rhinocertified|Certification page.]]

^ Name ^ Date ^ Website ^
|[[Misagh3@pm.me|Misagh Abdoliseisan]]|4/17/2022|[[https://www.linkedin.com/in/misagh3/|LinkedIn]]|
|[[hoperalab@gmail.com|Roberta Aiello]]|10/16/2017|[[https://www.deviantart.com/hoperalab/|Hopera Lab]]|
|[[1sd.aldredge@gmail.com|Nathan Aldredge]]|6/7/2016|[[http://nathanaldredge.com/|Nathan Aldredge]]|
|[[dalvarez@gia.edu|Darla Alvarez]]|2/4/2022|[[https://www.linkedin.com/in/darla-alvarez-736884161/|LinkedIn]]|
|[[mike@mikeannear.com|Mike Annear]]|10/10/2022|[[http://www.mikeannear.com|MichaelAnnear]]|
|[[ma2arshmallow@yahoo.co.jp|Yoshimasa Asanuma]]|10/24/2023| |
|[[francoisauclair126@gmail.com|Francois Auclair]]|2/17/2024| |
|[[davbachman@gmail.com|David Bachman]]|5/24/2017|[[https://www.davidbachmandesign.com|David Bachman Design]]|
|[[bzbaizhen@gmail.com|Zhen Bai]]|5/6/2024| |
|[[Belenkygirldesigns@gmail.com|Brandy Belenky]]|3/9/2025| |
|[[jw-shop@zeelandnet.nl|JHW den Boer]]|4/4/2022| |
|[[aborhani@buffalo.edu|Alireza Borhani]]|8/10/2025|[[https://www.linkedin.com/in/alireza-borhani-b8b935353//|LinkedIn]]|
|[[ruben@4am.dk|Ruben Borup]]|5/6/2017| |
|[[dbranch@landingschool.edu|Duane Branch]]|7/16/2024| |
|[[1jeffb@coolrockets.com|Jeff M Brewer]]|5/19/2016|[[http://www.coolrockets.com|Cool Rockets]]|
|[[lodovicobruno@hotmail.it|Lodovico Bruno]]|11/16/2019| |
|[[buffi92@gmail.com|Alessandro Buffi]]|1/25/2019| |
|[[stephanie@sdisf.com|Stephanie Buglione]]|11/16/2020|[[https://www.linkedin.com/in/stephanie-buglione303|LinkedIn]]|
|[[andrew.butler@cox.com.au|Andrew Butler]]|3/18/2022| |
|[[denbutler@msn.com|Dennis Butler]]|4/28/2018|[[https://www.linkedin.com/in/denbutler|LinkedIn]]|
|[[andrea.buttarini@gmail.com|Andrea Buttarini]]|4/13/2024| |
|[[oldstar@mac.com|James Callans]]|10/20/2022| |
|[[paulodca@gmail.com|Paulo Roberto Dutra Carvalho]]|3/28/2021| |
|[[mcicma@saic.edu|Maurice Cicmanec]]|12/4/2021| |
|[[a.ciuro@polytech-lab.com|Antonino Ciuro]]|1/4/2019| |
|[[ana42nat@gmail.com|Ana Sofia Fortunat Coppel]]|8/14/2018| |
|[[scott.corey@gmail.com|Scott Corey]]|9/11/2019|[[https://www.ruechartreux.com|Rue Chartreux]]|
|[[Info@rhinoforjewellery.com|Joana Cunha]]|1/29/2019|[[https://www.rhinoforjewellery.com/|CAD for Jewellery]]|
|[[siemencuypers@gmail.com|Siemen Cuypers]]|11/18/2018|[[https://www.siemencuypers.com|SiemenCuypers]]|
|[[dusan@howtorhino.com|Dusan Cvetkovic]]|10/29/2023| |
|[[sdietz@scad.edu|Scott Dietz ]]|8/12/2019| |
|[[shawn.douglas@live.ca|Shawn Douglas]]|9/29/2020| |
|[[blakedrousche@gmail.com|Blake Drousche]]|7/28/2021| |
|[[help@cadgenie.com|Lawrence Dubowitz]]|2/14/2019| |
|[[southpawdoesart@gmail.com|Brian Durham]]|12/18/2018|[[https://www.linkedin.com/in/durhamb|LinkedIn]]|
|[[levetstudios@gmail.com|Jessy  Duval]]|11/18/2023| |
|[[13avonaire@gmail.com|Jesse Oscar Dymond]]|3/21/2018|[[https://www.linkedin.com/in/jesse-dymond-01232162|LinkedIn]]|
|[[eeelman@macrocad.nl|Eric Eelman]]|7/12/2017|[[https://www.macrocad.nl|MacroCad]]|
|[[rhinoceros3d@tuta.io|FE]]|9/24/2020|[[https://archholic.com/info|Archholic]]|
|[[nadafeniche00@gmail.com|Nada Feniche]]|9/15/2025|[[https://www.linkedin.com/in/nada-feniche-737533175/|LinkedIn]]|
|[[skazmdesign@gmail.com|Aviva Fort]]|2/28/2016|[[http://linkedin.com/in/skazm|Skazm Design]]|
|[[David@Gall.com|David J. Gall]]|1/31/2024| |
|[[ReeLGallagher@mail.com|Ree L Gallagher]]|3/13/2020| |
|[[petrus.gartler@fh-joanneum.at|Petrus Gartler]]|1/11/2019| |
|[[danielgiuffre01@gmail.com|Daniel Giuffre]]|2/21/2020|[[https://www.intensivefieldslab.com/|Intensive Fields Lab]]|
|[[Will-Gray@optonline.net|William Gray]]|11/17/2019|[[https://www.linkedin.com/in/will-gray-greenwich-library/|LinkedIn]]|
|[[aalihamdan@yahoo.com|Ali Mahmoud Ali Hamdan]]|4/23/2019| |
|[[peter.h_1994@hotmail.com|Peter Hanna]]|3/15/2022| |
|[[rjh@pro-ns.net|Robert Hapy]]|1/20/2022|[[https://www.linkedin.com/in/bob-hapy-9191494|LinkedIn]]|
|[[koelndweller@protonmail.com|Philip Hathaway]]|6/9/2020| |
|[[lhe@studiogang.com|Liao He]]|2/6/2023| |
|[[marc.hermouet85@gmail.com|Marc Hermouet]]|1/16/2024| |
|[[b.hitscherich@gmail.com|Benjamin Hitscherich]]|9/5/2024| |
|[[hhogle8@gmail.com|Henry Hogle]]|9/24/2024| |
|[[brittney.holmes@hmcarchitects.com|Brittney Holmes]]|8/19/2021| |
|[[moi.anqua@gmail.com|Anca Horvath]]|1/18/2019| |
|[[huliang1123@gmail.com|Liang Hu]]|5/6/2024| |
|[[jonathan.david.hutchinson@gmail.com|Jonathan David Hutchinson]]|12/18/2017| |
|[[eminsua@gmail.com|Eduardo M Insua]]|2/8/2019|[[https://www.eminsua.com/|Eminsua]]|
|[[don.kalant.jr@gmail.com|Don Kalant Jr.]]|11/25/2020|[[https://www.linkedin.com/in/don-kalant-jr-272657a4/|LinkedIn]]|
|[[katibovshamil@gmail.com|Shamil Katibov]]|1/4/2022|[[https://www.linkedin.com/in/shamil-katibov-1698a2122|LinkedIn]]|
|[[jakellerman@shaw.ca|John Kellerman]]|2/24/2021| |
|[[kyr200410@gmail.com|Yeong Rae Kim]]|5/20/2020|[[https://www.linkedin.com/in/yeong-rae-kim/|LinkedIn]]|
|[[hrvojekoncar@gmail.com|Hrvoje Končar]]|12/3/2021| |
|[[studies@infotech.edu.gr|Vassilis Kordonias]]|11/14/2018|[[https://www.infotech.edu.gr|Infotech Site]]|
|[[architectbalamurugan4@gmail.com|Balamurugan Senthil Kumar]]|4/15/2025| |
|[[matt.landini@outlook.com|Matthew Landini]]|10/4/2021|[[https://www.linkedin.com/in/mattlandini117|LinkedIn]]|
|[[andrewllane@yahoo.com|Andrew L Lane]]|9/12/2020| |
|[[lapinski.aleksander@gmail.com|Aleksander Andrzej Łapiński]]|12/11/2021| |
|[[info@cadacademy.gr|Sokratis Legkikas]]|3/30/2019|[[https://cadacademy.gr/|CAD Academy]]|
|[[cheungkaleong@gmail.com|Cheung Ka Leong]]|12/28/2024| |
|[[kennefcc1119@protonmail.com|Cheung Shiu Lun]]|7/15/2020|[[https://hk.linkedin.com/in/kenneth-shiu-lun-cheung-6bb38476|LinkedIn]]|
|[[malavika.madhuraj23@gmail.com|Malavika Madhuraj]]|6/16/2024| |
|[[mmagee@gia.edu|Mike Magee]]|3/2/2020| |
|[[majors101@gmail.com|Jay Majors]]|10/17/2023| |
|[[tmalmstrom@gbbn.com|Troy Malmstrom]]|2/4/2024| |
|[[vanshimandaliya@gmail.com|Vanshi Mandaliya]]|4/17/2025||
|[[yokesmarapa@gmail.com|Yokes Marapa]]|2/27/2024| |
|[[peter.marshall.607612@gmail.com|Peter J Marshall]]|7/5/2022| |
|[[jmastolo@gia.edu|John Mastoloni]]|4/8/2020| |
|[[mcall344@hsd.k12.or.us|Logan McAllister]]|12/20/2019| |
|[[lmedina@studiogang.com|Luis Medina]]|3/3/2024| |
|[[ymeguerditchian@gmail.com|Yerwant Megurditchian]]|6/29/2025|[[https://www.linkedin.com/in/yerwantmeg/|LinkedIn]]|
|[[y_mehralian67@yahoo.com|Yasaman Mehralian]]|7/19/2019| |
|[[jplmelville@icloud.com|Jean-Pierre Melville]]|11/20/2022|[[https://www.linkedin.com/in/jpmelvill|LinkedIn]]|
|[[cmendola@vnet.net|Christopher Mendola]]|9/20/2021| |
|[[444073643@qq.com|Ze Meng]]|7/28/2021| |
|[[s.mennetret@18mars.com|Sébastien Mennetret]]|3/7/2019| |
|[[lmirzal.design@gmail.com|Mohammad Mirzaei]]|2/16/2025|[[https://www.linkedin.com/in/lmirzal/|LinkedIn]]|[[https://www.instagram.com/lmirzal/|Instragram]]|
|[[Opalword@gmail.com|Mohammad Mohsen Mohammadvali]]|10/27/2016|[[https://www.Apranik.org|Apranik]]|
|[[kurtm83@yahoo.com|Kurt Moorman]]|5/25/2025| |
|[[scmods2002@gmail.com|John George Morris]]|7/28/2020|[[http://blog.scad.edu/jgmorris|SCAD]]|
|[[bahaeddinenajjar@outlook.com|Bahaeddine Najjar]]|9/15/2025|[[https://www.linkedin.com/in/benajjar/|LinkedIn]]|
|[[snam@c.ringling.edu|Seongwoo Nam]]|2/19/2025| |
|[[nicholasneubrand@gmail.com|Nicholas Neubrand]]|8/22/2019|[[https://www.nickneubrand.com/|Nicholas Neubrand]]|
|[[nneufeld@kcai.edu|Nathan Neufeld]]|9/14/2021| |
|[[1k3689@ufl.edu|Kimberly Nofal]]|5/17/2017| |
|[[darrenockert@me.com|Darren Ockert]]|11/2/2020| |
|[[ryan.rhino.odom@gmail.com|Ryan M. Odom]]|3/13/2020|[[https://www.linkedin.com/in/ryanmodom|LinkedIn]]|
|[[tay@tayothman.com|Tay Othman]]|5/7/2020| |
|[[penneradam1@gmail.com|Adam Penner]]|8/21/2021| |
|[[speterso@gia.edu|Shaun Peterson]]|3/4/2020| |
|[[porrosimone@gmail.com|Simone Porro]]|6/19/2020| |
|[[joseph_pritchard20@hotmail.co.uk|Joseph Pritchard]]|10/11/2024| |
|[[tonypupa@gmail.com|Anthony Pupa]]|4/22/2022| |
|[[winstonpynn@outlook.com|Winston Pynn]]|3/2/2022| |
|[[gradzevych@gmail.com|Ganna Radzevych]]|2/27/2020| |
|[[shriyamrai64@gmail.com|Shriyam Rai]]|7/20/2025|[[https://www.linkedin.com/in/shriyarai/|LinkedIn]]|
|[[badihrameh@outlook.com|Badih Rameh]]|9/11/2020| |
|[[laurierobinson76@gmail.com|Laurie Robinson]]|5/17/2022| |
|[[joiascomrhinoceros@gmail.com|Amanda Borges Rodrigues]]|2/23/2020| |
|[[arovetta@studiogang.com|Andrea Rovetta]]|9/23/2020| |
|[[rivsalcarlos.arch@gmail.com|Carlos Alberto Rivera Salaverry]]|12/20/2023| |
|[[lissa.saruhashi@gmail.com|Mariana Lissa Saruhashi]]|3/27/2021|[[https://www.selvagen.com|SELVAGEN]]|
|[[post@henningseide.de|Henning Seide]]|10/20/2018| |
|[[shovanshah@gmail.com|Shovan Shah]]|2/25/2024| |
|[[audey.w.shen@gmail.com|Audey Shen]]|4/16/2020| |
|[[fyli.mjm@gmail.com|Banna Fyli Sissoko]]|3/15/2024| |
|[[Hapseng2019@gmail.com|Hapseng Siv]]|3/18/2021| |
|[[patrick.slater@gmail.com|Patrick Slater]]|3/15/2017|[[https://www.patrickslater.info|Parick Slater]]|
|[[snjsomnath@gmail.com|Sanjay Somanath]]|7/8/2020|[[https://www.linkedin.com/in/snjsomanath|LinkedIn]]|
|[[stephenspeaker@gmail.com|Stephen Speaker]]|1/28/2018|[[https://www.linkedin.com/in/steve-speaker-60a9a77/|LinkedIn]]|
|[[persefonistamatis@gmail.com|Persefoni Stamatis]]|1/24/2025|[[https://www.linkedin.com/in/persefoni-stamatis/|LinkedIn]]|
|[[michal.swieciak@gmail.com|Michał Święciak]]|2/6/2021|[[http://www.superarchitektura.pl/|Super Architektura]]|
|[[gszechter@gmail.com|Gonzalo Szechter]]|9/10/2024| |
|[[addme20009@gmail.com|Mahmoud Talaat]]|3/17/2022| |
|[[klynchthibault@gmail.com|Kathryn Thibault]]|5/14/2020| |
|[[anh0789@gmail.com|Huynh Tuyet Anh Truong]]|2/9/2025| |
|[[porusvakshoor@gmail.com|Porus Vakshoor]]|7/12/2021|[[https://www.linkedin.com/in/porusvakshoor/|LinkedIn]]|
|[[darryl@goldsmiths.co.za|Darryl van der Velde]]|9/11/2023| |
|[[katrine.velichko@gmail.com|Ekaterina Velichko]]|8/23/2021| |
|[[1spendiveliu1@gmail.com|Spendi Veliu]]|8/27/2016|[[https://www.rpjewelry.com|RP Jewelry]]|
|[[ashleywarsaw@gmail.com|Ashley Warsaw-Fiorvanti]]|11/10/2021| |
|[[kris@learngrasshopper.com|Krzysztof Wojslaw]]|12/5/2024| |
|[[JewelryDesignLab@gmail.com|Steve Workman]]|8/22/2022|[[https://www.jdlla.com/|Jewelry Design Lab]]|
|[[alex.xu@xux.design|Alex Xu]]|7/24/2020| |
|[[ZHIFEI@ALUM.MIT.EDU|Zhifei Xu]]|4/29/2024| |
|[[hubert.yang799@gmail.com|Haoxiang Yang]]|7/25/2020| |
|[[trd_2020@hotmail.com|Ali Eslam Zadeh]]|4/30/2018| |
|[[mahmoud.alaa2394@gmail.com|Mahmoud Alaa Eldien Ibrahim Zaki]]|10/16/2019| |
|[[chaimzeitz@gmail.com|Chaim Zeitz]]|6/12/2022| |
|[[shunf.zheng@gmail.com|Shunfan Zheng]]|4/28/2024| |
|[[wzhou.jojo@gmail.com|Wen Zhou]]|6/29/2020| |


//Updated: 10/20/2025 (6/14/2025)//